{"cameraMode":{"drawMode":0,"name":"Shaded","section":"Shading Mode"},"sceneLighting":true,"audioPlay":false,"sceneViewState":{"m_AlwaysRefresh":false,"showFog":true,"showSkybox":true,"showFlares":true,"showImageEffects":true,"showParticleSystems":true,"showVisualEffectGraphs":true,"m_FxEnabled":true},"in2DMode":false,"pivot":{"x":-2.7883431911468508,"y":-5.2284722328186039,"z":1.5613411664962769},"rotation":{"x":0.29238176345825198,"y":-0.11099143326282501,"z":0.034187763929367068,"w":0.9492241740226746},"size":11.270230293273926,"orthographic":false}